{
  "timestamp": "2026-02-28T19:06:40.642419+00:00",
  "base_model": "C:/Users/Andrew/hf_models/Qwen2.5-0.5B-Instruct",
  "adapter": "runs\\phase5_two_stage_recovery_anchors\\20260224_225142\\stage2_phase5",
  "train_examples": 19,
  "train_steps": 500,
  "lr": 0.0005,
  "weight_decay": 0.01,
  "expansion_factor": 2,
  "layer_index": 12,
  "layer_scale": 1.0,
  "loss_history": [
    11.13483057498932,
    8.640710682868958,
    6.792719869613648,
    3.8930187606811524,
    3.770675930976868,
    2.1308714938163758,
    3.143690347671509,
    2.5789966130256654,
    2.0533534145355223,
    1.9645712161064148,
    2.5364675426483156,
    1.6938082909584045,
    1.9817000365257262,
    1.8966966462135315,
    1.6636060667037964,
    1.6552165913581849,
    2.232166328430176,
    1.9466620516777038,
    1.9717737746238708,
    1.6946573400497436
  ],
  "bridge_path": "runs\\projections\\swiglu_midlayer_bridge_h3.pt"
}