{
  "timestamp": "2026-03-27T16:40:35.041074+00:00",
  "num_samples": 300,
  "accuracy": 0.78,
  "macro_f1": 0.42792417807412964,
  "classification_report": {
    "yes": {
      "precision": 0.6111111111111112,
      "recall": 0.6346153846153846,
      "f1-score": 0.6226415094339622,
      "support": 52.0
    },
    "no": {
      "precision": 0.8362068965517241,
      "recall": 0.8220338983050848,
      "f1-score": 0.8290598290598291,
      "support": 118.0
    },
    "engineer": {
      "precision": 1.0,
      "recall": 1.0,
      "f1-score": 1.0,
      "support": 8.0
    },
    "analyst": {
      "precision": 0.0,
      "recall": 0.0,
      "f1-score": 0.0,
      "support": 0.0
    },
    "box": {
      "precision": 0.4,
      "recall": 0.5714285714285714,
      "f1-score": 0.47058823529411764,
      "support": 7.0
    },
    "shelf": {
      "precision": 0.21428571428571427,
      "recall": 1.0,
      "f1-score": 0.35294117647058826,
      "support": 3.0
    },
    "cabinet": {
      "precision": 0.0,
      "recall": 0.0,
      "f1-score": 0.0,
      "support": 1.0
    },
    "drawer": {
      "precision": 0.0,
      "recall": 0.0,
      "f1-score": 0.0,
      "support": 7.0
    },
    "suitcase": {
      "precision": 0.6190476190476191,
      "recall": 1.0,
      "f1-score": 0.7647058823529411,
      "support": 13.0
    },
    "trophy": {
      "precision": 1.0,
      "recall": 0.2727272727272727,
      "f1-score": 0.42857142857142855,
      "support": 11.0
    },
    "riley": {
      "precision": 1.0,
      "recall": 1.0,
      "f1-score": 1.0,
      "support": 6.0
    },
    "alex": {
      "precision": 0.0,
      "recall": 0.0,
      "f1-score": 0.0,
      "support": 0.0
    },
    "morgan": {
      "precision": 0.0,
      "recall": 0.0,
      "f1-score": 0.0,
      "support": 0.0
    },
    "casey": {
      "precision": 0.0,
      "recall": 0.0,
      "f1-score": 0.0,
      "support": 1.0
    },
    "unknown": {
      "precision": 0.9852941176470589,
      "recall": 0.9178082191780822,
      "f1-score": 0.950354609929078,
      "support": 73.0
    },
    "accuracy": 0.78,
    "macro avg": {
      "precision": 0.44439636390954856,
      "recall": 0.481240889750293,
      "f1-score": 0.42792417807412964,
      "support": 300.0
    },
    "weighted avg": {
      "precision": 0.7962237944986424,
      "recall": 0.78,
      "f1-score": 0.775302360685977,
      "support": 300.0
    }
  },
  "confusion_matrix": [
    [
      33,
      19,
      0,
      0,
      0,
      0,
      0,
      0,
      0,
      0,
      0,
      0,
      0,
      0,
      0
    ],
    [
      21,
      97,
      0,
      0,
      0,
      0,
      0,
      0,
      0,
      0,
      0,
      0,
      0,
      0,
      0
    ],
    [
      0,
      0,
      8,
      0,
      0,
      0,
      0,
      0,
      0,
      0,
      0,
      0,
      0,
      0,
      0
    ],
    [
      0,
      0,
      0,
      0,
      0,
      0,
      0,
      0,
      0,
      0,
      0,
      0,
      0,
      0,
      0
    ],
    [
      0,
      0,
      0,
      0,
      4,
      3,
      0,
      0,
      0,
      0,
      0,
      0,
      0,
      0,
      0
    ],
    [
      0,
      0,
      0,
      0,
      0,
      3,
      0,
      0,
      0,
      0,
      0,
      0,
      0,
      0,
      0
    ],
    [
      0,
      0,
      0,
      0,
      0,
      1,
      0,
      0,
      0,
      0,
      0,
      0,
      0,
      0,
      0
    ],
    [
      0,
      0,
      0,
      0,
      3,
      4,
      0,
      0,
      0,
      0,
      0,
      0,
      0,
      0,
      0
    ],
    [
      0,
      0,
      0,
      0,
      0,
      0,
      0,
      0,
      13,
      0,
      0,
      0,
      0,
      0,
      0
    ],
    [
      0,
      0,
      0,
      0,
      0,
      0,
      0,
      0,
      8,
      3,
      0,
      0,
      0,
      0,
      0
    ],
    [
      0,
      0,
      0,
      0,
      0,
      0,
      0,
      0,
      0,
      0,
      6,
      0,
      0,
      0,
      0
    ],
    [
      0,
      0,
      0,
      0,
      0,
      0,
      0,
      0,
      0,
      0,
      0,
      0,
      0,
      0,
      0
    ],
    [
      0,
      0,
      0,
      0,
      0,
      0,
      0,
      0,
      0,
      0,
      0,
      0,
      0,
      0,
      0
    ],
    [
      0,
      0,
      0,
      0,
      0,
      0,
      0,
      0,
      0,
      0,
      0,
      0,
      0,
      0,
      1
    ],
    [
      0,
      0,
      0,
      0,
      3,
      3,
      0,
      0,
      0,
      0,
      0,
      0,
      0,
      0,
      67
    ]
  ]
}