{
  "generated_utc": "2026-03-13T00:47:17.106699+00:00",
  "report_type": "operator_domain_matrix",
  "operators": [
    1,
    15
  ],
  "matrix": {
    "logical": {
      "1": 0.9722222222222222,
      "15": 0.027777777777777776
    },
    "ordering": {
      "1": 0.8055555555555556,
      "15": 0.19444444444444445
    },
    "spatial": {
      "1": 1.0,
      "15": 0.0
    },
    "event": {
      "1": 1.0,
      "15": 0.0
    },
    "social": {
      "1": 0.9166666666666666,
      "15": 0.08333333333333333
    },
    "graph": {
      "1": 1.0,
      "15": 0.0
    }
  }
}